player_id,elo
216347,2115.35313
202458,2072.69661
214544,2057.02412
221103,2004.59416
221012,1972.44521
214981,1923.6527
214096,1920.16354
202468,1904.28236
211651,1893.19121
211148,1866.5758
201619,1842.5798
201594,1828.52027
202505,1826.39212
201520,1823.85744
201709,1820.88408
259799,1820.85737
214082,1814.78366
223670,1814.475
215613,1810.01554
203389,1807.12175
216146,1794.4156
202494,1790.93812
202499,1786.82919
206242,1785.9872
206252,1784.91169
201458,1777.78838
216153,1772.65672
214939,1768.96003
200033,1768.74504
211768,1766.90714
221054,1763.08851
214954,1762.91806
202460,1742.31039
220367,1741.73582
214643,1739.57981
206289,1739.13381
201499,1733.09491
222328,1729.49943
211107,1727.77032
201496,1723.95433
211685,1723.13801
206108,1722.30589
211533,1709.86222
202663,1703.91012
201345,1698.94692
201493,1698.64634
202427,1694.15067
220548,1688.97908
215713,1685.26536
211684,1680.31686
202429,1679.6184
206420,1679.06583
210722,1673.5688
215370,1670.22401
201504,1669.19811
203501,1668.60661
213631,1668.09947
204426,1664.55874
215785,1663.08265
201593,1661.58038
201495,1659.94351
211701,1659.22094
215337,1658.09269
201662,1658.04061
201614,1657.15701
206294,1654.56127
216133,1652.84331
201474,1651.02632
201425,1648.27734
201514,1646.9304
202428,1644.63965
213550,1641.95504
201545,1631.66284
201355,1630.41029
214263,1627.36762
220589,1625.29013
201320,1624.72393
202469,1624.42007
214459,1624.18272
201521,1620.92685
203530,1619.98683
220348,1619.73709
206368,1616.30826
222661,1616.04847
211713,1615.91898
204427,1609.88548
210886,1609.39684
201696,1608.88986
215219,1607.62793
211843,1605.65251
220704,1605.61328
214452,1603.03665
201603,1601.94117
220332,1600.97411
201492,1600.89168
205925,1600.52183
215480,1599.39703
215138,1598.0644
221909,1597.23815
201455,1596.32369
201450,1596.05533
216016,1590.36925
211095,1589.24596
201585,1588.57027
216262,1587.21833
201505,1587.08866
215983,1586.90333
202536,1586.47909
211279,1584.12792
215016,1583.52626
220309,1581.23632
215787,1580.8912
203533,1579.32489
206374,1578.60025
263857,1577.37352
220714,1576.63425
211817,1576.0628
202490,1576.01342
200002,1572.96551
202684,1572.50322
201611,1571.97567
201466,1570.27977
206329,1569.50246
202600,1568.69237
215872,1568.30193
211796,1565.36968
239383,1565.00764
220520,1563.63793
213889,1563.44103
214149,1562.64927
214906,1562.5558
201620,1558.62331
202446,1558.60217
215898,1556.87351
201548,1555.81136
201329,1553.59833
213646,1552.77384
216083,1552.39491
214713,1552.15335
212272,1550.24741
214839,1549.82133
201551,1549.3744
216566,1548.96486
201444,1547.66569
221024,1547.3317
202492,1546.39184
214262,1544.58212
222601,1544.23084
220699,1544.14157
213710,1543.97221
215858,1543.87971
221236,1542.57057
203463,1542.15928
215375,1541.63675
201590,1541.13565
201518,1540.77052
202365,1539.49357
213525,1538.76201
201615,1538.45464
201397,1538.28353
222233,1537.68486
210138,1536.9449
205591,1536.5953
220465,1536.31583
201421,1536.03707
201506,1534.66527
201465,1534.35946
202506,1533.83231
200043,1532.02855
214040,1531.6305
201586,1530.86745
220750,1530.79499
201490,1530.46076
214119,1527.165
204411,1527.09564
206344,1526.3651
204304,1525.86995
216385,1525.79183
201610,1525.38091
223397,1525.03734
215035,1525.02764
221237,1524.40931
212244,1524.05286
222965,1523.99977
252499,1523.92683
214770,1523.92189
216119,1523.08295
259104,1522.60506
215936,1522.3989
221257,1522.16908
201549,1521.60436
215165,1521.59035
252495,1521.08092
219875,1520.89199
206292,1520.78698
201370,1520.59433
203521,1520.09639
203315,1519.97087
214782,1519.76976
203575,1519.64012
214905,1519.00595
209712,1518.7981
221407,1517.98068
201517,1517.83798
220272,1516.45661
220435,1516.43066
221096,1515.61837
202705,1515.22244
221905,1515.07567
202434,1514.97409
202503,1513.95792
215131,1513.33191
205462,1512.96791
201483,1512.93498
222258,1512.80612
210740,1511.95751
211002,1510.99157
202440,1510.87994
221497,1510.81765
221807,1510.6501
222045,1510.59784
202393,1510.53422
201667,1510.45355
214741,1510.36788
203584,1510.3227
213948,1510.21584
213674,1510.13018
210920,1510.07686
221828,1510.02523
216055,1509.64138
204420,1509.48788
201535,1509.44396
220757,1509.32266
221996,1508.80939
214277,1507.95908
202645,1507.92651
212281,1507.86515
210337,1507.7929
215784,1507.64896
214229,1507.57996
211967,1507.57884
220446,1507.52943
210166,1507.432
212260,1507.30141
202676,1507.3008
212268,1507.28984
238065,1507.08615
214521,1507.07907
202421,1507.06345
212294,1506.69761
201427,1506.28398
203514,1505.9845
223321,1505.85149
216462,1505.82467
220662,1505.80171
243420,1505.79303
221235,1505.61896
221819,1505.35744
221105,1505.35391
239387,1505.28171
223134,1505.22191
215260,1505.1894
220392,1505.18289
223133,1505.1361
211234,1505.0861
204356,1505.01975
204362,1505.00577
221242,1504.98762
219422,1504.96909
215186,1504.8281
214541,1504.73943
221852,1504.65197
223129,1504.59575
206091,1504.54304
201652,1504.53762
215144,1504.40621
201555,1504.26579
211668,1504.20618
215125,1504.20458
214593,1504.13165
221975,1504.07709
222019,1504.0725
211456,1504.06731
214606,1504.04724
221816,1503.9948
221837,1503.98891
215091,1503.93249
216180,1503.92804
213604,1503.8864
221844,1503.86374
204291,1503.85474
214616,1503.82034
220395,1503.80898
221364,1503.80091
216235,1503.75832
214534,1503.7324
223159,1503.72184
221818,1503.68188
260339,1503.67715
212285,1503.6418
206086,1503.61874
223371,1503.61839
214632,1503.5602
214181,1503.54762
214637,1503.52588
223194,1503.47251
221979,1503.31646
213721,1503.14674
215306,1503.11066
201694,1502.70061
260277,1502.70002
213841,1502.69545
211105,1502.66667
222776,1502.66667
213628,1502.66667
215017,1502.66667
208603,1502.66667
263853,1502.66667
213972,1502.66667
212304,1502.66667
202475,1502.66667
206063,1502.66667
215123,1502.66667
213023,1502.66667
204384,1502.66667
201503,1502.66667
212302,1502.66667
210640,1502.66667
220244,1502.64744
221854,1502.64651
201683,1502.6462
254733,1502.6454
221978,1502.63545
216476,1502.62621
221811,1502.62554
206343,1502.60886
221813,1502.58545
215909,1502.38489
220732,1502.17482
202488,1501.95041
206219,1501.73931
215020,1501.50707
203456,1501.3061
214684,1501.29401
210871,1501.03299
259967,1500.94644
202453,1500.40829
203562,1500.30266
201366,1500.20157
222919,1499.59962
230870,1499.558
210622,1499.49027
215988,1499.47301
214728,1499.36755
221746,1499.35349
213908,1499.31187
221190,1499.19574
214020,1499.1936
205606,1499.18543
215806,1499.15381
215946,1499.10719
214653,1498.88937
211225,1498.85744
234222,1498.85458
222081,1498.7682
204390,1498.74612
211643,1498.71995
222866,1498.71141
260300,1498.70781
211544,1498.70495
205714,1498.7021
211887,1498.68176
215305,1498.68003
214577,1498.65898
203572,1498.63249
222145,1498.56049
264205,1498.54294
221885,1498.5235
201561,1498.46653
204309,1498.45826
202672,1498.4399
215950,1498.43769
201526,1498.42412
260847,1498.38984
239156,1498.24285
220440,1498.23411
223336,1498.18764
213926,1498.17661
220550,1498.17107
221945,1498.15453
220742,1498.14825
215832,1498.12617
225858,1498.12499
222080,1498.08514
216139,1498.0487
201424,1498.04869
214540,1498.03556
214919,1498.03303
211779,1498.03268
204376,1498.0142
211903,1498.00298
202539,1497.98847
203553,1497.98626
201653,1497.93145
230880,1497.92612
215878,1497.90593
216044,1497.89396
236956,1497.88216
202606,1497.87142
206136,1497.85127
252587,1497.76057
221383,1497.76005
202611,1497.74524
239436,1497.73535
206390,1497.715
213537,1497.68116
201387,1497.64979
214930,1497.64648
214841,1497.64571
202639,1497.64376
222667,1497.63419
201462,1497.6201
223308,1497.60526
202916,1497.59606
202445,1497.58528
204267,1497.58298
221243,1497.57714
211133,1497.5421
211351,1497.48968
212903,1497.48776
213780,1497.48063
223335,1497.46385
221984,1497.46323
202500,1497.45871
211019,1497.44642
239475,1497.44533
215588,1497.44256
220573,1497.43034
259914,1497.42865
221800,1497.4167
248660,1497.41234
221501,1497.41205
203414,1497.40316
204397,1497.40273
201589,1497.39499
219434,1497.39169
214418,1497.38953
241735,1497.38924
221801,1497.37958
215196,1497.37489
212233,1497.374
222137,1497.37195
214058,1497.37146
215868,1497.36822
236958,1497.36747
236972,1497.36697
201476,1497.36561
214123,1497.36023
223410,1497.35867
211031,1497.35717
215798,1497.35713
221820,1497.3538
222427,1497.3538
215723,1497.3538
221849,1497.35364
215755,1497.35349
216376,1497.33333
215124,1497.33333
214006,1497.33333
201638,1497.33333
212266,1497.33333
214629,1497.33333
201482,1497.33333
206060,1497.33333
214419,1497.33333
214623,1497.33333
215122,1497.33333
221817,1497.33333
214630,1497.33333
206213,1497.33333
204282,1497.33333
203290,1497.33333
201386,1497.33333
221289,1497.33333
263849,1497.33333
223136,1497.33333
210958,1497.33333
212308,1497.33333
213827,1497.33333
214842,1497.33333
202348,1497.33333
214625,1497.33333
215126,1497.33333
211404,1497.33333
221000,1497.32917
223130,1497.31634
221086,1497.31551
214501,1497.31533
215926,1497.31455
221845,1497.31271
213878,1497.31246
202640,1497.31137
202438,1497.31132
201617,1497.31021
215684,1497.30815
221126,1497.3081
201657,1497.30731
238181,1497.30665
259689,1497.30634
201423,1497.30423
220834,1497.30359
211321,1497.30321
221836,1497.30066
212293,1497.30017
214638,1497.29955
203549,1497.29819
221806,1497.29819
223140,1497.29758
215468,1497.29586
221332,1497.29515
215696,1497.29303
200773,1497.2924
211390,1497.28744
206410,1497.27502
221980,1497.27271
206216,1497.27267
260848,1497.26684
216151,1497.26516
214691,1497.26462
221850,1497.26441
221102,1497.26329
204429,1497.25885
206144,1497.25762
213634,1497.25541
203489,1497.25294
221812,1497.25149
214158,1497.24297
206433,1497.24035
202706,1497.23889
202578,1497.23638
221395,1497.23169
203591,1497.22859
220680,1497.22837
213873,1497.2071
221846,1497.19323
214487,1497.181
216579,1497.15752
203542,1497.15471
206354,1497.14241
260510,1497.13304
201656,1497.13197
220770,1497.12632
201428,1497.12134
221164,1497.11993
220845,1497.09644
206151,1497.07932
201399,1497.0763
202919,1497.06121
215277,1497.05862
206277,1497.04846
215812,1497.0315
214880,1497.01863
220572,1497.00286
221804,1497.00188
260541,1497.00024
215748,1496.98911
213899,1496.97025
221077,1496.9489
216179,1496.9482
223360,1496.94783
260913,1496.94501
202487,1496.94371
221855,1496.9183
211846,1496.90558
223120,1496.8815
202454,1496.87151
221247,1496.86591
261963,1496.85682
211574,1496.80463
259857,1496.79797
215614,1496.75895
238179,1496.75567
214604,1496.74085
215372,1496.70432
220718,1496.67031
213849,1496.66542
212043,1496.64977
239389,1496.64777
213947,1496.6402
211881,1496.6123
203236,1496.60027
201380,1496.58934
222290,1496.53571
201699,1496.52388
246476,1496.51406
214236,1496.48618
216074,1496.46856
222966,1496.45456
216367,1496.44112
214453,1496.43908
214818,1496.39332
210672,1496.37808
219310,1496.36609
202619,1496.32441
206255,1496.31657
213828,1496.25924
223135,1496.25229
216475,1496.22576
215859,1496.21894
202858,1496.21378
215019,1496.20847
203526,1496.19733
200009,1496.19019
205787,1496.15539
223331,1496.14268
213657,1496.11242
212282,1496.099
201442,1496.08523
201384,1496.07214
215786,1496.00183
216117,1495.99897
223671,1495.99004
212318,1495.98427
215672,1495.95965
212044,1495.95381
210947,1495.94439
202425,1495.88895
259753,1495.87245
212805,1495.85714
220713,1495.85503
223005,1495.84395
201533,1495.83742
215571,1495.81132
205789,1495.8004
211472,1495.77114
202921,1495.76432
202594,1495.7127
201682,1495.70563
211227,1495.68679
214247,1495.61391
222506,1495.6117
221139,1495.59436
221832,1495.5852
221883,1495.57169
202695,1495.52929
221434,1495.52861
201498,1495.5189
221824,1495.51216
210913,1495.45162
221985,1495.45084
210926,1495.44574
210951,1495.38726
221099,1495.36406
204355,1495.34647
220844,1495.33278
214992,1495.31391
216587,1495.2858
202426,1495.25344
223132,1495.23479
221803,1495.20109
211063,1495.1771
221354,1495.16338
221014,1495.113
210931,1495.08801
222458,1495.06257
202669,1495.02155
221092,1495.01767
213602,1494.99555
215550,1494.99186
222980,1494.96237
215870,1494.94776
220597,1494.94475
221802,1494.92983
213620,1494.92235
212026,1494.87872
215108,1494.87054
202422,1494.86806
215340,1494.84678
206105,1494.8411
203341,1494.83094
222390,1494.80052
221783,1494.79947
216118,1494.79629
206387,1494.79093
212232,1494.78848
201616,1494.7883
206362,1494.78498
211432,1494.78095
221814,1494.7776
206039,1494.76236
215581,1494.75989
205909,1494.75678
233741,1494.74676
212280,1494.74241
202647,1494.73126
210271,1494.72166
202580,1494.71779
208567,1494.71284
221106,1494.70739
215431,1494.70446
217751,1494.70175
216489,1494.69618
215750,1494.69363
212278,1494.69003
214697,1494.68978
263852,1494.683
202879,1494.68012
221977,1494.67496
263848,1494.67347
203513,1494.66404
221827,1494.66167
210439,1494.65548
221847,1494.64897
221826,1494.64897
201691,1494.63625
222507,1494.62128
206175,1494.61025
220946,1494.5957
215155,1494.56978
200001,1494.56057
206335,1494.50677
260761,1494.5021
221473,1494.46581
214312,1494.39776
202302,1494.3726
216062,1494.33218
221848,1494.31026
214608,1494.27126
201365,1494.12391
211814,1494.1134
222559,1494.01333
205848,1493.93443
221222,1493.90762
211920,1493.70502
215064,1493.70077
211856,1493.56123
201537,1493.56086
211216,1493.49021
222396,1493.36877
201679,1493.33667
206049,1493.25894
213887,1492.96679
206345,1492.84431
202414,1492.83713
202614,1492.8349
216150,1492.76596
201659,1492.72045
221799,1492.70928
223131,1492.66543
221004,1492.60264
212307,1492.59586
221911,1492.55352
221831,1492.54482
212165,1492.5448
211246,1492.44701
211260,1492.40233
223323,1492.26564
202498,1492.20923
201532,1492.19632
233728,1492.18855
221109,1492.17663
211288,1492.16596
214060,1492.14017
216265,1492.13657
216471,1492.13594
263847,1492.08155
201086,1492.0766
223087,1492.03741
221839,1492.03116
223138,1492.02517
216107,1492.01376
238205,1492.00678
215851,1492.00637
216487,1491.93744
211756,1491.90939
212178,1491.88963
238075,1491.88814
201400,1491.86615
215861,1491.85513
202502,1491.64228
238064,1491.60531
214405,1491.45579
214934,1491.42022
204377,1491.31676
201339,1491.16318
220339,1491.15016
215627,1491.10237
215395,1491.08215
211864,1490.86708
202471,1490.82392
206106,1490.72364
213779,1490.70984
210046,1490.67621
211267,1490.57147
211328,1490.33478
221834,1490.2747
215045,1490.24276
215111,1490.16319
221124,1490.07018
256684,1490.01291
220174,1489.84794
220361,1489.69621
211043,1489.69505
222513,1489.69072
219874,1489.66967
202484,1489.65346
201414,1489.61505
204288,1489.61054
214081,1489.6068
263850,1489.56751
212045,1489.56187
206332,1489.53194
202497,1489.51012
210786,1489.49992
206177,1489.47768
212314,1489.42522
215789,1489.41148
220733,1489.34934
221833,1489.28582
223137,1489.23337
221343,1489.17513
220043,1488.78185
206430,1488.74581
211977,1488.14555
221333,1487.92967
206349,1487.88545
223286,1487.72384
202662,1487.53306
202653,1487.49989
200617,1487.46791
214461,1487.41146
206146,1487.24998
233717,1487.2382
215857,1486.63194
214641,1486.61702
203354,1486.46747
223333,1486.41924
215250,1486.15636
214826,1485.98045
215151,1485.92687
200079,1485.70973
212303,1485.58836
216097,1483.61449
266671,1483.37994
201541,1483.35504
221838,1483.30826
200067,1483.30563
204294,1482.85976
201456,1482.70359
211700,1482.59489
201529,1482.28363
201447,1481.92466
211411,1481.91296
236957,1481.90536
203576,1481.7548
214621,1481.68874
216013,1481.38965
220454,1481.33704
202387,1481.08688
206107,1481.08106
201448,1481.00953
220722,1480.95138
222259,1480.13536
202622,1479.78213
214679,1479.64854
219625,1479.64708
201565,1479.32202
260170,1479.29203
211941,1479.24882
206124,1479.15827
201618,1478.49209
201443,1478.47321
204431,1478.24991
215788,1478.10964
221835,1477.95284
201547,1477.91186
202596,1477.4764
201697,1477.26778
202464,1477.01368
203297,1476.93412
221073,1476.82804
213706,1475.77691
202379,1475.61336
215869,1475.51748
211719,1475.4813
221805,1475.05957
201631,1474.73803
214176,1474.58031
214465,1474.39157
202900,1474.30007
202628,1474.11907
222305,1473.86859
215042,1473.79869
202443,1473.6731
202493,1473.60639
221187,1473.33386
203578,1473.12395
201605,1472.98672
219917,1472.92727
221768,1472.90238
214863,1472.50688
214191,1472.30045
213974,1472.29894
202477,1472.01347
206424,1471.63962
201597,1471.28202
201440,1471.27355
211208,1471.24312
210957,1471.17631
201311,1471.06672
201318,1470.9512
205723,1470.60112
206417,1470.58381
206408,1470.53154
201664,1470.3199
201646,1470.1478
206045,1470.12195
201481,1470.02253
215259,1469.90151
205344,1468.97237
203462,1468.92175
203325,1468.90325
214219,1468.36688
215996,1468.36194
202626,1468.26066
201580,1468.17005
204430,1468.04321
211122,1467.99832
211296,1467.86846
206194,1467.8223
201512,1467.61217
214480,1467.58301
236955,1467.12853
201513,1467.0898
211951,1467.04991
204394,1467.02629
201542,1466.75164
202456,1466.07682
202496,1465.85017
216213,1465.68556
213530,1465.4259
221512,1465.17243
213576,1465.13687
220432,1465.10415
216081,1464.93684
206037,1464.07838
214617,1463.97299
221232,1463.76534
214613,1463.66448
214507,1463.65281
215697,1463.53151
214386,1463.45748
201556,1463.45638
213998,1463.39182
214304,1463.27889
202707,1462.96192
216116,1462.95438
221173,1462.80979
210174,1462.76254
214694,1462.22039
201508,1462.16136
215566,1461.83552
200748,1461.81202
241714,1461.60656
202489,1461.31083
201648,1461.2368
201668,1461.0782
201531,1460.67711
215018,1460.43612
221809,1460.3547
203564,1460.11957
211552,1459.88988
205815,1459.80605
203435,1459.74003
210629,1458.89513
232447,1458.63511
202420,1458.17559
214388,1458.11241
211539,1457.92507
213821,1457.47096
203500,1457.24718
210738,1457.14965
202508,1457.06169
212034,1456.46348
260672,1456.38234
206183,1456.08591
201612,1456.00633
201347,1455.95291
211342,1455.23839
214935,1455.20645
211529,1454.76666
201587,1454.61313
202491,1454.5765
201582,1454.09311
202478,1453.8893
201472,1453.86668
215899,1453.68434
215572,1452.68979
201377,1452.66681
201540,1451.94821
211765,1451.92607
206404,1451.74761
221039,1451.70072
202418,1451.20749
204434,1450.25227
201212,1449.50238
201703,1449.47804
202430,1449.46574
221823,1449.29305
211329,1448.84145
201348,1448.73942
211541,1448.19004
201426,1447.88828
210303,1447.72075
214032,1447.39377
212001,1447.32643
221815,1447.12838
211337,1446.92076
211736,1446.58042
211702,1445.96767
213544,1445.59669
214471,1445.5006
206075,1445.46598
201454,1445.11258
213666,1445.06228
213672,1444.95652
211316,1444.90733
213767,1444.03018
203567,1443.68182
239392,1443.53223
211901,1443.30287
201596,1442.55129
210173,1442.39133
220416,1442.00434
206178,1441.03942
210705,1440.53919
201674,1440.38541
213583,1439.64735
204419,1439.16702
206102,1436.48036
201485,1436.20343
201325,1435.97266
201516,1435.95994
213734,1435.92836
201670,1435.42604
211407,1435.34643
203288,1434.47312
201599,1434.06204
215290,1433.46497
201701,1433.41733
202395,1433.0707
204223,1432.71889
202470,1430.10676
201666,1429.9459
202504,1429.51245
206363,1429.33709
215910,1429.31704
211269,1429.29482
201606,1429.22181
201452,1428.89013
202581,1428.75539
202604,1428.56371
215860,1428.22391
201486,1427.07469
215371,1426.97626
201595,1426.92865
203398,1426.90137
201640,1426.34417
202482,1425.95515
222296,1425.22947
201567,1425.14545
203504,1424.87966
215992,1424.74063
202685,1424.21893
202457,1423.61192
213837,1423.14295
201578,1423.06013
201568,1421.52358
201290,1421.17244
201588,1420.40707
223253,1419.77286
206007,1418.62166
203475,1418.47259
201435,1418.31946
201539,1417.96334
201534,1417.05207
204246,1416.92501
214646,1416.45823
215314,1416.24612
201478,1416.22634
202450,1416.06501
201573,1415.8291
201672,1415.39457
201613,1414.96452
215096,1414.21999
202436,1413.4665
211880,1413.04079
203509,1412.81648
201523,1411.86247
202424,1411.10232
215453,1409.52257
202681,1407.47483
211874,1406.2956
202579,1405.59205
202410,1404.20365
201604,1403.16449
201344,1402.85191
202479,1400.91427
202702,1398.8724
202694,1398.70191
203281,1397.81898
202659,1397.3046
211222,1395.47244
201524,1394.51485
203552,1392.19389
201621,1391.60696
202480,1390.72888
201468,1390.52395
202693,1390.00558
202688,1389.95373
211635,1385.47848
203518,1384.22654
205892,1379.72132
202467,1379.0518
208531,1373.8905
215037,1371.89963
211878,1371.01355
206391,1370.39309
201457,1369.26239
201501,1369.08336
201402,1363.90687
202671,1363.5484
201554,1363.4138
202701,1358.68692
203379,1355.53977
205918,1353.38141
201693,1353.17593
201527,1351.38339
201562,1314.61782
